<?xml version="1.0" encoding="UTF-8"?>
<GenRun Id="synth_1" LaunchPart="xc7a35tcpg236-1" LaunchTime="1494289321">
  <File Type="RDS-DCP" Name="dot.dcp"/>
  <File Type="RUN-CONSTRS" Name="$PDATADIR/runs/synth_1/constrs_in.xml"/>
  <File Type="RDS-UTIL-PB" Name="dot_utilization_synth.pb"/>
  <File Type="RUN-SRCS" Name="$PDATADIR/runs/synth_1/sources.xml"/>
  <File Type="RDS-PROPCONSTRS" Name="dot_drc_synth.rpt"/>
  <File Type="PA-TCL" Name="dot.tcl"/>
  <File Type="RUN-STRAT" Name="$PDATADIR/runs/synth_1/synth_1.psg"/>
  <File Type="RDS-RDS" Name="dot.vds"/>
  <File Type="RDS-UTIL" Name="dot_utilization_synth.rpt"/>
  <File Type="VDS-TIMINGSUMMARY" Name="dot_timing_summary_synth.rpt"/>
  <File Type="VDS-TIMING-PB" Name="dot_timing_summary_synth.pb"/>
  <FileSet Name="sources" Type="DesignSrcs" RelSrcDir="$PSRCDIR/sources_1">
    <Filter Type="Srcs"/>
    <File Path="$PSRCDIR/sources_1/new/mapout.sv">
      <FileInfo>
        <Attr Name="ImportPath" Val="$PPRDIR/../../Downloads/project_3/project_1/New folder/project_1/project_1.srcs/sources_1/new/mapout.sv"/>
        <Attr Name="ImportTime" Val="1494196825"/>
        <Attr Name="UsedIn" Val="synthesis"/>
        <Attr Name="UsedIn" Val="implementation"/>
        <Attr Name="UsedIn" Val="simulation"/>
      </FileInfo>
    </File>
    <File Path="$PSRCDIR/sources_1/new/SevSeg_4digit.sv">
      <FileInfo>
        <Attr Name="ImportPath" Val="$PPRDIR/../last/last.srcs/sources_1/new/SevSeg_4digit.sv"/>
        <Attr Name="ImportTime" Val="1494278317"/>
        <Attr Name="UsedIn" Val="synthesis"/>
        <Attr Name="UsedIn" Val="implementation"/>
        <Attr Name="UsedIn" Val="simulation"/>
      </FileInfo>
    </File>
    <File Path="$PSRCDIR/sources_1/new/BomCounter.sv">
      <FileInfo>
        <Attr Name="ImportPath" Val="$PPRDIR/../last/last.srcs/sources_1/new/BomCounter.sv"/>
        <Attr Name="ImportTime" Val="1494278317"/>
        <Attr Name="UsedIn" Val="synthesis"/>
        <Attr Name="UsedIn" Val="implementation"/>
        <Attr Name="UsedIn" Val="simulation"/>
      </FileInfo>
    </File>
    <File Path="$PSRCDIR/sources_1/new/ClkDivider.sv">
      <FileInfo>
        <Attr Name="ImportPath" Val="$PPRDIR/../../Downloads/project_3/project_1/mayin/mayin.srcs/sources_1/new/ClkDivider.sv"/>
        <Attr Name="ImportTime" Val="1494249110"/>
        <Attr Name="UsedIn" Val="synthesis"/>
        <Attr Name="UsedIn" Val="implementation"/>
        <Attr Name="UsedIn" Val="simulation"/>
      </FileInfo>
    </File>
    <File Path="$PSRCDIR/sources_1/new/LedMatrix.sv">
      <FileInfo>
        <Attr Name="ImportPath" Val="$PPRDIR/../../Downloads/project_3/project_1/New folder/project_1/project_1.srcs/sources_1/new/LedMatrix.sv"/>
        <Attr Name="ImportTime" Val="1494181522"/>
        <Attr Name="UsedIn" Val="synthesis"/>
        <Attr Name="UsedIn" Val="implementation"/>
        <Attr Name="UsedIn" Val="simulation"/>
      </FileInfo>
    </File>
    <File Path="$PSRCDIR/sources_1/new/dot.sv">
      <FileInfo>
        <Attr Name="ImportPath" Val="$PPRDIR/../../Downloads/project_3/project_1/New folder/project_1/project_1.srcs/sources_1/new/dot.sv"/>
        <Attr Name="ImportTime" Val="1494197525"/>
        <Attr Name="UsedIn" Val="synthesis"/>
        <Attr Name="UsedIn" Val="implementation"/>
        <Attr Name="UsedIn" Val="simulation"/>
      </FileInfo>
    </File>
    <Config>
      <Option Name="DesignMode" Val="RTL"/>
      <Option Name="TopModule" Val="dot"/>
      <Option Name="TopAutoSet" Val="TRUE"/>
    </Config>
  </FileSet>
  <FileSet Name="constrs_in" Type="Constrs" RelSrcDir="$PSRCDIR/constrs_1">
    <Filter Type="Constrs"/>
    <File Path="$PSRCDIR/constrs_1/new/dot.xdc">
      <FileInfo>
        <Attr Name="ImportPath" Val="$PPRDIR/../../Downloads/project_3/project_1/New folder/project_1/project_1.srcs/constrs_1/new/dot.xdc"/>
        <Attr Name="ImportTime" Val="1494181519"/>
        <Attr Name="UsedIn" Val="synthesis"/>
        <Attr Name="UsedIn" Val="implementation"/>
      </FileInfo>
    </File>
    <Config>
      <Option Name="TargetConstrsFile" Val="$PSRCDIR/constrs_1/new/dot.xdc"/>
      <Option Name="ConstrsType" Val="XDC"/>
    </Config>
  </FileSet>
  <Strategy Version="1" Minor="2">
    <StratHandle Name="Vivado Synthesis Defaults" Flow="Vivado Synthesis 2015"/>
    <Step Id="synth_design"/>
  </Strategy>
</GenRun>
