<?xml version="1.0" encoding="UTF-8"?>
<GenRun Id="impl_1" LaunchPart="xc7a35tcpg236-1" LaunchTime="1494289321">
  <File Type="OPT-DCP" Name="dot_opt.dcp"/>
  <File Type="RUN-CONSTRS" Name="$PDATADIR/runs/impl_1/constrs_in.xml"/>
  <File Type="RUN-SRCS" Name="$PDATADIR/runs/impl_1/sources.xml"/>
  <File Type="PWROPT-DCP" Name="dot_pwropt.dcp"/>
  <File Type="ROUTE-DCP" Name="dot_routed.dcp"/>
  <File Type="PA-TCL" Name="dot.tcl"/>
  <File Type="RUN-STRAT" Name="$PDATADIR/runs/impl_1/impl_1.psg"/>
  <File Type="OPT-DRC" Name="dot_drc_opted.rpt"/>
  <File Type="PWROPT-DRC" Name="dot_drc_pwropted.rpt"/>
  <File Type="OPT-HWDEF" Name="dot.hwdef"/>
  <File Type="PLACE-DCP" Name="dot_placed.dcp"/>
  <File Type="PLACE-IO" Name="dot_io_placed.rpt"/>
  <File Type="PLACE-CLK" Name="dot_clock_utilization_placed.rpt"/>
  <File Type="PLACE-UTIL" Name="dot_utilization_placed.rpt"/>
  <File Type="PLACE-UTIL-PB" Name="dot_utilization_placed.pb"/>
  <File Type="PLACE-CTRL" Name="dot_control_sets_placed.rpt"/>
  <File Type="PLACE-SIMILARITY" Name="dot_incremental_reuse_placed.rpt"/>
  <File Type="PLACE-PRE-SIMILARITY" Name="dot_incremental_reuse_pre_placed.rpt"/>
  <File Type="POSTPLACE-PWROPT-DCP" Name="dot_postplace_pwropt.dcp"/>
  <File Type="PHYSOPT-DCP" Name="dot_physopt.dcp"/>
  <File Type="RDI-RDI" Name="dot.vdi"/>
  <File Type="PHYSOPT-DRC" Name="dot_drc_physopted.rpt"/>
  <File Type="ROUTE-DRC" Name="dot_drc_routed.rpt"/>
  <File Type="ROUTE-DRC-PB" Name="dot_drc_routed.pb"/>
  <File Type="ROUTE-PWR" Name="dot_power_routed.rpt"/>
  <File Type="ROUTE-PWR-SUM" Name="dot_power_summary_routed.pb"/>
  <File Type="ROUTE-STATUS" Name="dot_route_status.rpt"/>
  <File Type="ROUTE-STATUS-PB" Name="dot_route_status.pb"/>
  <File Type="ROUTE-TIMINGSUMMARY" Name="dot_timing_summary_routed.rpt"/>
  <File Type="ROUTE-TIMING-PB" Name="dot_timing_summary_routed.pb"/>
  <File Type="ROUTE-TIMING-RPX" Name="dot_timing_summary_routed.rpx"/>
  <File Type="ROUTE-SIMILARITY" Name="dot_incremental_reuse_routed.rpt"/>
  <File Type="ROUTE-CLK" Name="dot_clock_utilization_routed.rpt"/>
  <File Type="POSTROUTE-PHYSOPT-DCP" Name="dot_postroute_physopt.dcp"/>
  <File Type="POSTROUTE-PHYSOPT-TIMING" Name="dot_timing_summary_postroute_physopted.rpt"/>
  <File Type="POSTROUTE-PHYSOPT-TIMING-PB" Name="dot_timing_summary_postroute_physopted.pb"/>
  <File Type="POSTROUTE-PHYSOPT-TIMING-RPX" Name="dot_timing_summary_postroute_physopted.rpx"/>
  <File Type="BG-BIT" Name="dot.bit"/>
  <File Type="BG-BIN" Name="dot.bin"/>
  <File Type="BITSTR-MSK" Name="dot.msk"/>
  <File Type="BITSTR-RBT" Name="dot.rbt"/>
  <File Type="BITSTR-NKY" Name="dot.nky"/>
  <File Type="BITSTR-BMM" Name="dot_bd.bmm"/>
  <File Type="BITSTR-MMI" Name="dot.mmi"/>
  <File Type="BITSTR-SYSDEF" Name="dot.sysdef"/>
  <File Type="BG-BGN" Name="dot.bgn"/>
  <File Type="BG-DRC" Name="dot.drc"/>
  <File Type="WBT-USG" Name="usage_statistics_webtalk.html"/>
  <FileSet Name="sources" Type="DesignSrcs" RelSrcDir="$PSRCDIR/sources_1">
    <Filter Type="Srcs"/>
    <File Path="$PSRCDIR/sources_1/new/mapout.sv">
      <FileInfo>
        <Attr Name="ImportPath" Val="$PPRDIR/../../Downloads/project_3/project_1/New folder/project_1/project_1.srcs/sources_1/new/mapout.sv"/>
        <Attr Name="ImportTime" Val="1494196825"/>
        <Attr Name="UsedIn" Val="synthesis"/>
        <Attr Name="UsedIn" Val="implementation"/>
        <Attr Name="UsedIn" Val="simulation"/>
      </FileInfo>
    </File>
    <File Path="$PSRCDIR/sources_1/new/SevSeg_4digit.sv">
      <FileInfo>
        <Attr Name="ImportPath" Val="$PPRDIR/../last/last.srcs/sources_1/new/SevSeg_4digit.sv"/>
        <Attr Name="ImportTime" Val="1494278317"/>
        <Attr Name="UsedIn" Val="synthesis"/>
        <Attr Name="UsedIn" Val="implementation"/>
        <Attr Name="UsedIn" Val="simulation"/>
      </FileInfo>
    </File>
    <File Path="$PSRCDIR/sources_1/new/BomCounter.sv">
      <FileInfo>
        <Attr Name="ImportPath" Val="$PPRDIR/../last/last.srcs/sources_1/new/BomCounter.sv"/>
        <Attr Name="ImportTime" Val="1494278317"/>
        <Attr Name="UsedIn" Val="synthesis"/>
        <Attr Name="UsedIn" Val="implementation"/>
        <Attr Name="UsedIn" Val="simulation"/>
      </FileInfo>
    </File>
    <File Path="$PSRCDIR/sources_1/new/ClkDivider.sv">
      <FileInfo>
        <Attr Name="ImportPath" Val="$PPRDIR/../../Downloads/project_3/project_1/mayin/mayin.srcs/sources_1/new/ClkDivider.sv"/>
        <Attr Name="ImportTime" Val="1494249110"/>
        <Attr Name="UsedIn" Val="synthesis"/>
        <Attr Name="UsedIn" Val="implementation"/>
        <Attr Name="UsedIn" Val="simulation"/>
      </FileInfo>
    </File>
    <File Path="$PSRCDIR/sources_1/new/LedMatrix.sv">
      <FileInfo>
        <Attr Name="ImportPath" Val="$PPRDIR/../../Downloads/project_3/project_1/New folder/project_1/project_1.srcs/sources_1/new/LedMatrix.sv"/>
        <Attr Name="ImportTime" Val="1494181522"/>
        <Attr Name="UsedIn" Val="synthesis"/>
        <Attr Name="UsedIn" Val="implementation"/>
        <Attr Name="UsedIn" Val="simulation"/>
      </FileInfo>
    </File>
    <File Path="$PSRCDIR/sources_1/new/dot.sv">
      <FileInfo>
        <Attr Name="ImportPath" Val="$PPRDIR/../../Downloads/project_3/project_1/New folder/project_1/project_1.srcs/sources_1/new/dot.sv"/>
        <Attr Name="ImportTime" Val="1494197525"/>
        <Attr Name="UsedIn" Val="synthesis"/>
        <Attr Name="UsedIn" Val="implementation"/>
        <Attr Name="UsedIn" Val="simulation"/>
      </FileInfo>
    </File>
    <Config>
      <Option Name="DesignMode" Val="RTL"/>
      <Option Name="TopModule" Val="dot"/>
      <Option Name="TopAutoSet" Val="TRUE"/>
    </Config>
  </FileSet>
  <FileSet Name="constrs_in" Type="Constrs" RelSrcDir="$PSRCDIR/constrs_1">
    <Filter Type="Constrs"/>
    <File Path="$PSRCDIR/constrs_1/new/dot.xdc">
      <FileInfo>
        <Attr Name="ImportPath" Val="$PPRDIR/../../Downloads/project_3/project_1/New folder/project_1/project_1.srcs/constrs_1/new/dot.xdc"/>
        <Attr Name="ImportTime" Val="1494181519"/>
        <Attr Name="UsedIn" Val="synthesis"/>
        <Attr Name="UsedIn" Val="implementation"/>
      </FileInfo>
    </File>
    <Config>
      <Option Name="TargetConstrsFile" Val="$PSRCDIR/constrs_1/new/dot.xdc"/>
      <Option Name="ConstrsType" Val="XDC"/>
    </Config>
  </FileSet>
  <Strategy Version="1" Minor="2">
    <StratHandle Name="Vivado Implementation Defaults" Flow="Vivado Implementation 2015"/>
    <Step Id="init_design"/>
    <Step Id="opt_design"/>
    <Step Id="power_opt_design"/>
    <Step Id="place_design"/>
    <Step Id="post_place_power_opt_design"/>
    <Step Id="phys_opt_design"/>
    <Step Id="route_design"/>
    <Step Id="post_route_phys_opt_design"/>
    <Step Id="write_bitstream"/>
  </Strategy>
</GenRun>
